<?xml version="1.0" encoding="UTF-8"?>
<metadata modelVersion="1.1.0">
  <groupId>com.mycompany</groupId>
  <artifactId>rootaround</artifactId>
  <version>1.0-SNAPSHOT</version>
  <versioning>
    <snapshot>
      <localCopy>true</localCopy>
    </snapshot>
    <lastUpdated>20221116175229</lastUpdated>
    <snapshotVersions>
      <snapshotVersion>
        <extension>jar</extension>
        <value>1.0-SNAPSHOT</value>
        <updated>20221116175229</updated>
      </snapshotVersion>
      <snapshotVersion>
        <extension>pom</extension>
        <value>1.0-SNAPSHOT</value>
        <updated>20221116175229</updated>
      </snapshotVersion>
    </snapshotVersions>
  </versioning>
</metadata>
